Model, Mean Squared Error, Mean Absolute Error, R2 Score
Linear Regression,2.2053368945299172e+21,438046158.443442,-1.3357313362888462e+17
Gradient Descent,11692.554708593007,68.77164091452686,0.29951775774929
Support Vector Machines,9829.794358333076,55.490368247968824,0.4046277289302982
Naive Bayes,129409.64445290311,282.2664773226364,-6.83810028039214
Decision Tree(max-depth = 5),8710.869529792228,56.69799323950696,0.4723989143732469
KNN(#neighbors = 37),8850.534270907201,56.82975988855106,0.4639396820561953
